game_pk,fullName
822945,Malachi Moore
824407,Will Little
823999,Carlos Torres
824164,Clint Vondrak
824809,Derek Thomas
824486,Dan Bellino
823111,Alan Porter
824892,Bill Miller
823272,Chris Guccione
824325,Hunter Wendelstedt
823593,Brennan Miller
824975,Adam Beck
824651,Tom Hanahan
822782,Junior Valentine
823595,Ben May
824974,Nate Tomlinson
823271,Willie Traynor
822946,Stu Scheurwater
824568,Alex MacKay
823921,Nic Lentz
823674,Nick Mahrley
824894,Chad Fairchild
823023,Tyler Jones
824973,Bruce Dreckman
823598,Manny Gonzalez
822947,Jordan Baker
824487,Lance Barrett
823837,Shane Livensparger
822702,Lance Barksdale
823192,Emil Jimenez
823022,Todd Tichenor
823677,Tripp Gibson
824567,Jim Wolf
823351,Chris Conroy
823924,Edwin Moscoso
823596,Scott Barry
823273,Dan Iassogna
824242,Brian Walsh
822703,Jonathan Parra
823676,Marvin Hudson
824003,Nestor Ceja
824243,Chad Whitson
823350,John Bacon
824976,Mark Wegner
822949,Rob Drake
823923,Vic Carapazza
824489,Mike Estabrook
824490,Alfonso Márquez
823275,Jeremie Rehak
824569,Roberto Ortiz
823838,Dexter Kelley
823597,Ron Kulpa
823195,Doug Eddings
823353,Brennan Miller
824245,Bill Miller
824570,Alan Porter
824001,Chris Guccione
824977,Carlos Torres
822868,Derek Thomas
823839,Dan Bellino
822705,Ryan Wills
823025,Clint Vondrak
822950,Tyler Jones
824572,Mark Ripperger
823755,Willie Traynor
823840,Will Little
823433,Ben May
824810,Sean Barber
822706,Dan Merzel
823028,Gabe Morales
823354,Jansen Visconti
824730,Quinn Wolcott
823678,Chad Fairchild
824734,Paul Clemons
823600,Lance Barrett
823355,Cory Blaser
824244,Erich Bacchus
824571,Shane Livensparger
823027,Emil Jimenez
824811,D.J. Reyburn
823841,Ryan Additon
822948,Todd Tichenor
823197,Nic Lentz
822704,Stu Scheurwater
823758,Nestor Ceja
823435,Chris Conroy
822869,Tripp Gibson
823679,Dillon Wilson
824573,Dexter Kelley
822952,Adam Hamari
824733,Adrian Johnson
822707,Jordan Baker
823601,Mike Estabrook
824812,James Hoye
822872,Marvin Hudson
823352,Alex Tosi
823434,John Tumpane
823196,Edwin Moscoso
824248,Laz Diaz
823680,Chad Whitson
823843,Lance Barksdale
823031,Mike Muchlinski
824406,Charlie Ramos
824247,Chris Segal
823042,Alfonso Márquez
824893,Doug Eddings
822785,Brennan Miller
824896,Gabe Morales
824408,Willie Traynor
824166,John Libka
823110,Bill Miller
823761,Andy Fletcher
824327,Clint Vondrak
823518,Quinn Wolcott
824732,Rob Drake
824083,Malachi Moore
823519,Ramon De Jesus
825055,Vic Carapazza
822784,Ben May
824650,Derek Thomas
824004,Dan Bellino
822873,Ryan Wills
824735,Felix Neon
823438,Brian O'Nora
823760,Jansen Visconti
824895,Emil Jimenez
824165,Sean Barber
824085,Lance Barrett
822871,Will Little
824005,Mark Ripperger
824329,Bruce Dreckman
823114,Chad Fairchild
825056,Hunter Wendelstedt
824409,Nestor Ceja
824652,Nick Mahrley
823522,Paul Clemons
823436,Laz Diaz
825058,Nic Lentz
824898,Mike Muchlinski
824328,Todd Tichenor
824410,David Rackley
823762,Cory Blaser
823112,Dillon Wilson
824736,Stu Scheurwater
822874,Ryan Additon
824167,D.J. Reyburn
824654,Tripp Gibson
824006,Shane Livensparger
824007,Lance Barksdale
824086,Charlie Ramos
824330,Alex Tosi
824411,Alex MacKay
824978,Jacob Metz
823439,Felix Neon
824168,Chris Segal
823113,Dexter Kelley
824739,Alfonso Márquez
824653,James Jean
822786,Tom Hanahan
823523,Rob Drake
823521,Jordan Baker
823764,Marvin Hudson
825057,Tyler Jones
824897,Brennan Miller
823441,Adam Beck
824008,Ryan Wills
822790,Manny Gonzalez
824169,Brian O'Nora
824412,Jim Wolf
824414,Roberto Ortiz
824657,Nate Tomlinson
824738,Malachi Moore
824088,Willie Traynor
823116,Dan Bellino
825059,Brian Walsh
823763,Derek Thomas
824899,Ben May
824331,Andy Fletcher
824981,John Libka
824090,Nestor Ceja
824332,Jansen Visconti
822789,Scott Barry
824737,Lance Barrett
824170,Erich Bacchus
824655,Bruce Dreckman
824901,Chris Conroy
823115,Mark Ripperger
824009,Will Little
825060,Bill Miller
823766,Nick Mahrley
824766,Mike Estabrook
823524,Junior Valentine
823440,Dan Iassogna
823358,Alfonso Márquez
823274,Jen Pawol
823602,Shane Livensparger
822951,Derek Thomas
823681,Laz Diaz
822708,David Rackley
823029,Adam Beck
823842,Chad Fairchild
824574,Doug Eddings
824491,Alex MacKay
823199,Willie Traynor
822876,Adrian Johnson
824814,Ryan Additon
823925,Stu Scheurwater
823356,Malachi Moore
823844,Chad Whitson
822875,Ramon De Jesus
822711,Charlie Ramos
824576,Gabe Morales
824813,Marvin Hudson
823276,Adam Hamari
823030,Dan Iassogna
823357,Lance Barrett
823198,Lance Barksdale
823603,Brock Ballou
823682,Chris Segal
824492,Dan Merzel
823200,Ryan Wills
824493,Jim Wolf
823845,Brian Walsh
823604,Alan Porter
823927,Austin Jones
823685,Brian O'Nora
824575,Emil Jimenez
822955,Tom Hanahan
823278,Clint Vondrak
824817,Nick Mahrley
822709,Nestor Ceja
822878,Quinn Wolcott
823033,Jeremie Rehak
824252,Hunter Wendelstedt
823683,Ryan Blakney
823846,Erich Bacchus
824494,Mike Estabrook
824816,Paul Clemons
823034,Todd Tichenor
823359,Nic Lentz
824251,Roberto Ortiz
824577,Chris Guccione
822954,Mike Muchlinski
823277,Will Little
822877,Bill Miller
823928,Steven Jaschinski
824496,Alfonso Márquez
823684,Ryan Additon
824578,David Rackley
824253,Alex MacKay
822957,Doug Eddings
823605,Tyler Jones
823032,Jen Pawol
824815,Adrian Johnson
823848,Laz Diaz
823279,Willie Traynor
822880,Chad Fairchild
822710,Mark Ripperger
824254,Jim Wolf
823280,Lance Barksdale
824820,Ramon De Jesus
824495,Malachi Moore
823361,Vic Carapazza
822881,Chad Whitson
822713,Shane Livensparger
824579,Charlie Ramos
823607,Ron Kulpa
823062,Clint Vondrak
823847,Chris Segal
823929,Adam Beck
822956,Gabe Morales
823687,Marvin Hudson
823035,Adam Hamari
823282,Ryan Wills
822712,Dan Merzel
823205,Austin Jones
823930,Dan Iassogna
822958,Emil Jimenez
824900,Lance Barrett
823036,Edwin Jimenez
824089,Alan Porter
824902,Mike Estabrook
824497,Brian O'Nora
823117,Dexter Kelley
824413,Hunter Wendelstedt
823931,Nick Mahrley
823525,Sean Barber
824333,Tom Hanahan
822715,Mark Wegner
824172,Cory Blaser
822879,John Tumpane
824091,Roberto Ortiz
824980,Junior Valentine
824656,Brock Ballou
825061,Nestor Ceja
824010,Jeremie Rehak
824499,Erich Bacchus
824903,Alfonso Márquez
824092,Alex MacKay
824983,Jordan Baker
824012,Steven Jaschinski
823118,Quinn Wolcott
823526,James Hoye
822716,Bruce Dreckman
824415,Nic Lentz
825063,Chris Guccione
824171,Alex Tosi
824334,Scott Barry
822882,Brennan Miller
824658,Mark Ripperger
824498,Laz Diaz
825062,David Rackley
824173,Andy Fletcher
823527,D.J. Reyburn
823120,Paul Clemons
824982,Rob Drake
824417,Edwin Moscoso
824336,Ron Kulpa
824904,Malachi Moore
822714,Nate Tomlinson
824659,Dan Bellino
824013,Adam Beck
823933,Tripp Gibson
824335,Ramon De Jesus
823442,Jansen Visconti
824906,Alan Porter
824416,Vic Carapazza
823935,Ben May
823765,Dan Merzel
822884,Willie Traynor
823119,Charlie Ramos
824174,Chris Conroy
823530,Lance Barrett
824660,Dan Iassogna
824419,Chris Segal
823767,Brock Ballou
824740,Hunter Wendelstedt
823446,Cory Blaser
824905,Jim Wolf
824985,Tom Hanahan
824818,Carlos Torres
824337,Dexter Kelley
824096,Jordan Baker
823528,Mike Estabrook
824907,Roberto Ortiz
824338,Quinn Wolcott
823768,Mark Ripperger
823122,Nestor Ceja
824175,John Tumpane
824742,Nic Lentz
825066,Ryan Blakney
824661,Jeremie Rehak
824984,Steven Jaschinski
824819,Mark Wegner
822793,Sean Barber
823445,Alex Tosi
824418,Brian O'Nora
823121,Chris Guccione
824662,Ryan Wills
824741,Edwin Moscoso
824822,Bruce Dreckman
824420,Erich Bacchus
823771,Dan Bellino
823529,Alfonso Márquez
824986,Manny Gonzalez
823444,Andy Fletcher
824339,Paul Clemons
825065,Tripp Gibson
824011,Ben May
822795,Alan Porter
823686,Dan Merzel
823608,Mike Muchlinski
824744,Adam Hamari
824256,Ryan Additon
824422,Nate Tomlinson
824821,Jansen Visconti
823362,Adam Beck
822959,Brian Walsh
823769,Vic Carapazza
823037,Stu Scheurwater
823281,Ramon De Jesus
824580,D.J. Reyburn
823204,Willie Traynor
823609,Doug Eddings
824581,John Libka
823364,Dan Iassogna
822960,Bill Miller
823689,Shane Livensparger
824015,Nick Mahrley
823283,Quinn Wolcott
823038,Austin Jones
822794,Alex MacKay
824257,Will Little
824421,Carlos Torres
823770,Hunter Wendelstedt
824825,Cory Blaser
823688,Mark Ripperger
823773,Nic Lentz
823039,Junior Valentine
824255,Lance Barksdale
824824,Alex Tosi
824743,Tyler Jones
822962,Chad Fairchild
823285,Adrian Johnson
824014,Dillon Wilson
824582,Sean Barber
822796,Jim Wolf
824423,Mark Wegner
823363,Jeremie Rehak
822797,Roberto Ortiz
822717,Louie Krupa
823612,Jordan Baker
822961,Emil Jimenez
824747,Todd Tichenor
823366,Edwin Moscoso
823209,Paul Clemons
824258,Ryan Wills
822965,Mike Muchlinski
823208,Ramon De Jesus
824341,Brennan Miller
823367,Vic Carapazza
824259,Alan Porter
824583,Tripp Gibson
822798,Chad Whitson
824018,James Hoye
823611,Stu Scheurwater
822719,Adam Beck
823041,Bruce Dreckman
824500,Adam Hamari
823613,Austin Jones
823691,Ryan Additon
823850,James Jean
823614,Junior Valentine
824262,Alex MacKay
824017,D.J. Reyburn
823690,Will Little
824340,Ben May
823286,Dan Merzel
824584,Ryan Blakney
824501,Clint Vondrak
822718,Dan Iassogna
823043,Jacob Metz
822963,Doug Eddings
823849,Jansen Visconti
823365,Hunter Wendelstedt
822799,Brian Walsh
823210,Quinn Wolcott
823692,Lance Barksdale
822800,Bill Miller
824502,Tyler Jones
823040,Nate Tomlinson
824261,Jim Wolf
824344,Chris Conroy
823288,Shane Livensparger
822720,Jeremie Rehak
824016,John Libka
823531,Nic Lentz
824177,Edwin Moscoso
824343,Todd Tichenor
824260,Jordan Baker
823123,Adrian Johnson
824987,Mark Ripperger
822968,Ryan Wills
824095,Sean Barber
823126,Paul Clemons
822885,Doug Eddings
825068,James Hoye
823937,Charlie Ramos
824665,Malachi Moore
822967,Ryan Additon
823532,Laz Diaz
823447,Chad Whitson
824263,Stu Scheurwater
824988,Dan Bellino
823854,Mark Wegner
823936,Nestor Ceja
824990,Dan Merzel
824179,Hunter Wendelstedt
823124,Steven Jaschinski
824345,Clint Vondrak
824663,Lance Barrett
824910,Tom Hanahan
823853,Jacob Metz
823534,Chris Segal
824097,Tripp Gibson
824264,Rob Drake
822966,Will Little
823533,Gabe Morales
824098,Ryan Blakney
824989,Shane Livensparger
823772,Lance Barksdale
823125,Tyler Jones
823448,Brian Walsh
822889,Mike Estabrook
823450,Dexter Kelley
823536,Emil Jimenez
825072,Jen Pawol
824913,Junior Valentine
823940,Mark Ripperger
822721,Bill Miller
824668,John Libka
824178,Quinn Wolcott
823127,Todd Tichenor
823774,Ryan Wills
823044,James Jean
824992,David Rackley
824746,Scott Barry
824503,Nate Tomlinson
822888,Alfonso Márquez
823045,Nic Lentz
823939,Dan Bellino
823451,Sean Barber
824991,Chris Guccione
824182,Adrian Johnson
824912,Jordan Baker
823535,Mike Muchlinski
824750,Ron Kulpa
825070,Edwin Moscoso
823775,Ryan Additon
824504,Carlos Torres
823128,Adam Hamari
822723,Chad Fairchild
822887,Derek Thomas
823938,Dan Merzel
824993,Charlie Ramos
824505,Mark Wegner
825071,Vic Carapazza
822724,Chad Whitson
824666,James Hoye
824099,Jacob Metz
824506,Dexter Kelley
822722,Alex Tosi
824751,Jonathan Parra
822801,Steven Jaschinski
824021,Nestor Ceja
823777,Erich Bacchus
824994,Malachi Moore
823693,Jen Pawol
824823,Felix Neon
824586,Dillon Wilson
823368,Stu Scheurwater
824508,Lance Barksdale
824828,Brennan Miller
824100,Nate Tomlinson
823776,James Jean
824749,Bill Miller
823213,Tyler Jones
823616,Alan Porter
824587,Tom Hanahan
822725,Jansen Visconti
823694,Adam Beck
824019,David Rackley
823369,Rob Drake
822802,Ramon De Jesus
824995,Lance Barrett
824426,Doug Eddings
824752,Brian Walsh
823695,Dan Iassogna
823778,Chad Fairchild
823211,Todd Tichenor
823617,John Bacon
824507,Alex MacKay
824020,Chris Guccione
822803,John Tumpane
824425,Gabe Morales
824102,Bruce Dreckman
823370,Junior Valentine
822726,Cory Blaser
824588,Manny Gonzalez
824997,Mike Estabrook
823619,Scott Barry
824101,Chris Segal
823855,Paul Clemons
824827,Emil Jimenez
824346,Louie Krupa
824265,Ryan Additon
823372,Felix Neon
823287,Alfonso Márquez
824831,Mike Muchlinski
824348,Nestor Ceja
822804,Willie Traynor
824103,Erich Bacchus
824022,Ron Kulpa
823618,Stu Scheurwater
824590,Chad Whitson
824266,Will Little
822970,Jim Wolf
823856,Ramon De Jesus
824996,Brock Ballou
824428,Mark Wegner
823215,Jeremie Rehak
824267,Lance Barksdale
824999,Adam Hamari
822969,Roberto Ortiz
824105,James Jean
824023,Dillon Wilson
823214,Jen Pawol
823620,Rob Drake
824429,Jacob Metz
823374,Brennan Miller
824347,David Rackley
823290,Malachi Moore
824830,Doug Eddings
823858,Edwin Jimenez
824591,Jonathan Parra
824427,Nate Tomlinson
824998,Clint Vondrak
823289,Lance Barrett
822972,Alan Porter
824025,Tom Hanahan
823218,Adam Beck
824829,Gabe Morales
824268,Laz Diaz
824349,Junior Valentine
823537,D.J. Reyburn
823453,Alex MacKay
824183,Ryan Blakney
822890,Chris Guccione
823857,Bruce Dreckman
824916,Quinn Wolcott
825074,Manny Gonzalez
823696,Shane Livensparger
824670,Cory Blaser
823291,Chad Fairchild
823047,John Tumpane
823941,Dan Iassogna
823697,Mark Ripperger
824351,Stu Scheurwater
824669,Willie Traynor
822808,Edwin Moscoso
824269,Chris Segal
825075,Scott Barry
823942,Jeremie Rehak
822891,Louie Krupa
823859,Mark Wegner
823048,Ben May
823292,Brian Walsh
823454,Jim Wolf
824184,Tripp Gibson
823455,Roberto Ortiz
823860,Jacob Metz
824186,Nick Mahrley
825073,Ron Kulpa
823538,Sean Barber
823943,Jen Pawol
823049,Chris Conroy
824350,Rob Drake
824914,Ramon De Jesus
823699,Dan Bellino
825076,Jordan Baker
824919,Carlos Torres
824753,Marvin Hudson
823457,Vic Carapazza
824672,Steven Jaschinski
823542,James Jean
823779,Edwin Jimenez
823698,Dan Merzel
824755,Ryan Blakney
823130,Adam Beck
824509,Cory Blaser
823780,Quinn Wolcott
823540,Laz Diaz
822973,Derek Thomas
824188,Chris Guccione
823701,Brennan Miller
823051,Tom Hanahan
822727,Alan Porter
824024,Chad Fairchild
824671,John Libka
824918,Mark Wegner
823700,John Tumpane
822971,Mark Ripperger
824675,D.J. Reyburn
824511,Andy Fletcher
823782,Paul Clemons
823052,Manny Gonzalez
823541,Chris Segal
822728,Alex MacKay
823460,Edwin Moscoso
825079,Stu Scheurwater
824026,Bill Miller
823702,Ben May
825078,Rob Drake
822730,Jim Wolf
823781,Ramon De Jesus
824510,Willie Traynor
823131,Jeremie Rehak
822974,Dan Bellino
823050,Scott Barry
824027,Brian Walsh
824592,Nic Lentz
824354,Emil Jimenez
823944,Sean Barber
822895,Nate Tomlinson
824187,Malachi Moore
823621,Ryan Wills
825001,Jen Pawol
824832,Todd Tichenor
822976,Mike Estabrook
823133,Nestor Ceja
824430,Austin Jones
823373,Jordan Baker
824512,Nick Mahrley
822729,Dan Merzel
824833,Adam Hamari
825000,Adam Beck
824513,Marvin Hudson
824431,Brennan Miller
823622,Ryan Additon
823054,Edwin Jimenez
822975,Alfonso Márquez
822731,Derek Thomas
823945,James Hoye
824190,Erich Bacchus
823375,Alex Tosi
824593,Vic Carapazza
823132,David Rackley
822893,Carlos Torres
824352,Mike Muchlinski
823623,Will Little
822894,Bruce Dreckman
822978,Lance Barrett
824191,James Jean
824835,Clint Vondrak
824515,Ryan Blakney
823135,Chris Guccione
824594,Hunter Wendelstedt
824433,John Tumpane
823377,Jansen Visconti
822732,Mark Ripperger
825002,Dan Iassogna
823946,Steven Jaschinski
823378,Dan Bellino
824595,Jeremie Rehak
824834,Tyler Jones
822896,Ramon De Jesus
824272,Ben May
823295,Louie Krupa
824270,Brennan Miller
824596,Jen Pawol
823626,Edwin Moscoso
822897,Quinn Wolcott
823947,Laz Diaz
823783,Todd Tichenor
824104,Tripp Gibson
825003,Mark Wegner
824432,Jonathan Parra
824756,Jordan Baker
823376,Dan Merzel
824836,Lance Barksdale
823624,Emil Jimenez
825004,Nate Tomlinson
822898,Adrian Johnson
824275,Chris Conroy
823216,Sean Barber
822811,Gabe Morales
824837,Ryan Wills
824597,Adam Beck
823785,Adam Hamari
824434,Mike Estabrook
824106,Nick Mahrley
824758,Alex Tosi
823294,Nestor Ceja
823949,Malachi Moore
822899,Paul Clemons
823784,Marvin Hudson
824437,Alfonso Márquez
822812,Nic Lentz
823219,James Hoye
824838,Ryan Additon
823625,Vic Carapazza
824598,Dan Iassogna
823380,Mark Ripperger
825005,Carlos Torres
823296,David Rackley
822813,Willie Traynor
824921,Brock Ballou
824839,Jonathan Parra
824028,John Libka
824108,John Bacon
824840,Lance Barrett
823297,James Jean
823786,Tyler Jones
823220,Chris Guccione
823861,Jansen Visconti
824759,Will Little
823544,Doug Eddings
824676,Bill Miller
823459,Mark Wegner
824674,Chad Whitson
824030,D.J. Reyburn
824109,Todd Tichenor
823458,Jordan Baker
823300,Laz Diaz
823787,Tripp Gibson
824516,John Tumpane
825080,Rob Drake
823222,Louie Krupa
824920,Ron Kulpa
822814,Alan Porter
824518,Ben May
823546,Emil Jimenez
824029,Sean Barber
823298,Malachi Moore
823223,Nestor Ceja
823863,Cory Blaser
823788,Nick Mahrley
824922,Tom Hanahan
822816,Alex MacKay
824842,Mike Estabrook
824761,Ryan Wills
825082,Nate Tomlinson
824679,Chad Fairchild
823545,Brennan Miller
823056,James Hoye
824031,David Rackley
824274,Manny Gonzalez
825083,Carlos Torres
823864,Austin Jones
823547,Brock Ballou
824273,Scott Barry
824111,Erich Bacchus
824355,Jim Wolf
823057,John Libka
822977,Stu Scheurwater
823462,Ryan Additon
823703,Gabe Morales
825084,Brian Walsh
823299,Bruce Dreckman
823866,Lance Barrett
824678,Alex Tosi
824032,Chris Guccione
823134,Mike Muchlinski
823136,Ryan Blakney
822979,Mark Wegner
822736,Clint Vondrak
824033,Louie Krupa
823464,Will Little
824677,Jansen Visconti
823704,Doug Eddings
823302,Rob Drake
823059,D.J. Reyburn
825086,Bill Miller
823865,Jonathan Parra
824276,Ron Kulpa
824356,Alan Porter
823548,John Tumpane
824112,James Jean
824277,Tom Hanahan
823705,Marvin Hudson
822734,Todd Tichenor
824114,Laz Diaz
823301,Nate Tomlinson
823867,Alfonso Márquez
823137,Tripp Gibson
824357,Adam Hamari
824680,Derek Thomas
823549,Ben May
824035,Nestor Ceja
825087,Chad Whitson
824279,Dan Bellino
823138,Chad Fairchild
824599,Chris Segal
824192,Manny Gonzalez
825006,Steven Jaschinski
823708,Junior Valentine
824034,Alex MacKay
822982,Ramon De Jesus
824923,Hunter Wendelstedt
823058,Ryan Wills
822738,Brennan Miller
824436,David Rackley
824358,Nick Mahrley
823628,Jeremie Rehak
823139,Brian Walsh
824038,Scott Barry
822737,Chris Conroy
824193,Dillon Wilson
823706,Stu Scheurwater
823060,Ryan Additon
824600,Brian O'Nora
824924,Nic Lentz
823627,Jonathan Parra
824435,Tyler Jones
822981,Brock Ballou
825007,Cory Blaser
824278,Dan Merzel
824359,James Jean
823382,Mike Muchlinski
823061,Will Little
824925,Vic Carapazza
823629,Adam Beck
824601,Laz Diaz
823707,Rob Drake
823140,Bill Miller
825009,Alex Tosi
824194,Ron Kulpa
824439,James Hoye
822739,John Tumpane
824280,Shane Livensparger
824360,Ryan Blakney
824037,Jim Wolf
823384,Emil Jimenez
823789,Lance Barksdale
823950,Marvin Hudson
824196,Willie Traynor
825008,Felix Neon
823709,Tom Hanahan
823383,Paul Clemons
824602,Ben May
824926,John Libka
822815,Erich Bacchus
823710,Manny Gonzalez
825010,Chad Whitson
823952,James Jean
823791,Ryan Wills
823631,Junior Valentine
824928,Sean Barber
824603,Jen Pawol
824195,Roberto Ortiz
824438,Dan Iassogna
823386,Ramon De Jesus
824519,Dexter Kelley
824841,Edwin Moscoso
824763,Dan Bellino
822900,Jansen Visconti
824843,Hunter Wendelstedt
823951,Brian Walsh
823790,Ryan Additon
823712,Scott Barry
824927,Tyler Jones
824197,Jim Wolf
824521,Mike Muchlinski
824604,Chris Conroy
823632,Stu Scheurwater
823385,Brock Ballou
822817,Chris Segal
825011,Chad Fairchild
822903,Cory Blaser
823953,Ryan Blakney
824441,Jonathan Parra
822818,Brian O'Nora
825085,Will Little
823868,Chris Guccione
823954,John Tumpane
824605,Shane Livensparger
824113,Emil Jimenez
824845,Carlos Torres
823793,Alex MacKay
823221,Tom Hanahan
822902,Adam Hamari
824440,Quinn Wolcott
824520,Adam Beck
822819,Lance Barrett
824765,John Libka
825089,Lance Barksdale
824444,Paul Clemons
824115,Gabe Morales
823869,James Jean
824606,Mark Ripperger
822905,James Hoye
823955,Ben May
823792,Roberto Ortiz
823224,Jacob Metz
823304,Jansen Visconti
824523,David Rackley
823468,John Bacon
823957,Chris Conroy
824768,Steven Jaschinski
823794,Alan Porter
825088,Ryan Wills
823871,Charlie Ramos
824522,Jeremie Rehak
824116,Dexter Kelley
823466,Vic Carapazza
822822,Mike Estabrook
823303,Cory Blaser
824846,Bruce Dreckman
823551,Brock Ballou
824767,Tyler Jones
823467,Alfonso Márquez
824681,Scott Barry
825090,Brennan Miller
824362,Sean Barber
824117,Nic Lentz
823870,Willie Traynor
822741,Nate Tomlinson
823306,Alex Tosi
822740,Carlos Torres
824036,Andy Fletcher
823872,Alex MacKay
823550,Quinn Wolcott
823470,Lance Barrett
823141,Ryan Additon
824683,Tom Hanahan
822985,Nestor Ceja
824118,Edwin Moscoso
824361,James Hoye
824282,Jonathan Parra
823063,Mike Muchlinski
824119,John Bacon
823553,Paul Clemons
824682,Jacob Metz
823469,Malachi Moore
823142,Will Little
822986,Chris Guccione
824200,Shane Livensparger
824281,Adam Beck
823873,Roberto Ortiz
824040,Jansen Visconti
822743,Mark Wegner
823227,Adam Hamari
823552,Mike Estabrook
824684,Manny Gonzalez
823064,Emil Jimenez
824201,Mark Ripperger
824363,D.J. Reyburn
824039,Cory Blaser
824283,Dan Iassogna
822984,David Rackley
823143,Lance Barksdale
823228,Todd Tichenor
823145,Clint Vondrak
822987,Nic Lentz
823387,Alan Porter
823065,Charlie Ramos
822742,Rob Drake
823555,Alfonso Márquez
823307,John Libka
825013,Dan Bellino
824364,Bill Miller
823875,Nate Tomlinson
823711,Scott Barry
824769,Laz Diaz
824365,Chad Whitson
823715,Tom Hanahan
822988,Hunter Wendelstedt
824685,Gabe Morales
824042,John Tumpane
824284,Marvin Hudson
825014,Dan Merzel
823308,Sean Barber
823554,Lance Barrett
823388,Willie Traynor
824771,Erich Bacchus
823067,Nestor Ceja
823876,Carlos Torres
822746,Jordan Baker
823144,Tripp Gibson
822990,John Bacon
823066,Chris Guccione
823557,Malachi Moore
823146,Adam Hamari
824366,Chad Fairchild
823713,Jacob Metz
822744,Junior Valentine
824041,Ben May
823389,Jim Wolf
823309,James Hoye
823877,Mark Wegner
824772,Chris Segal
824287,Ryan Blakney
824686,Mike Muchlinski
825012,Shane Livensparger
824850,Stu Scheurwater
823472,Charlie Ramos
823795,Mike Estabrook
823391,Brian O'Nora
823471,David Rackley
824929,Roberto Ortiz
825016,D.J. Reyburn
823714,Manny Gonzalez
824848,Rob Drake
823634,Brian Walsh
824524,Bruce Dreckman
823958,Austin Jones
824608,Vic Carapazza
823796,Alfonso Márquez
823717,Dexter Kelley
822907,Tyler Jones
824445,Scott Barry
823392,Laz Diaz
823633,Bill Miller
824930,Will Little
823312,Mark Ripperger
822821,James Jean
824525,Nate Tomlinson
825015,John Libka
822908,Chris Conroy
823716,Doug Eddings
824849,Jordan Baker
824610,Nic Lentz
823798,Lance Barrett
823310,Dan Bellino
824447,Tom Hanahan
823636,Chad Whitson
823956,Clint Vondrak
825017,Sean Barber
824526,Carlos Torres
824446,Jacob Metz
822906,John Tumpane
823311,Dan Merzel
823719,Gabe Morales
824609,Hunter Wendelstedt
823961,Tripp Gibson
822825,Marvin Hudson
823395,Chris Segal
823959,Malachi Moore
824934,Mike Muchlinski
824528,Brian O'Nora
822824,Ramon De Jesus
823637,Louie Krupa
823068,John Bacon
824202,Jeremie Rehak
823635,Ryan Blakney
822991,Chad Fairchild
824122,Alex MacKay
822911,Todd Tichenor
824612,Ryan Wills
823797,Manny Gonzalez
823230,Shane Livensparger
824851,Andy Fletcher
824121,Derek Thomas
823229,Mark Ripperger
822989,Brian Walsh
824933,Emil Jimenez
824203,Dan Iassogna
823960,Mike Estabrook
824613,Ryan Additon
822910,Austin Jones
823070,Vic Carapazza
823799,Scott Barry
822826,Quinn Wolcott
824527,Laz Diaz
823232,Dan Bellino
823962,Willie Traynor
822827,Paul Clemons
822992,Bill Miller
824932,Dexter Kelley
823800,Tom Hanahan
824204,Adam Beck
823638,Nick Mahrley
824854,Jansen Visconti
823069,Edwin Moscoso
824611,Will Little
824124,Jim Wolf
824529,Erich Bacchus
824689,Hunter Wendelstedt
824368,Roberto Ortiz
822745,Chris Segal
825096,Cory Blaser
822912,Dan Merzel
824288,Gabe Morales
824770,John Libka
823233,Rob Drake
825097,Jeremie Rehak
824449,Alex Tosi
822993,Ryan Blakney
824367,Alan Porter
822913,Shane Livensparger
824044,Chad Whitson
824774,Todd Tichenor
823147,Alfonso Márquez
823231,Jordan Baker
824123,Adrian Johnson
823878,Jacob Metz
824688,John Bacon
822748,Brian O'Nora
823641,Ryan Wills
823236,Junior Valentine
824127,Brock Ballou
823640,Ryan Additon
822995,Tripp Gibson
823880,Manny Gonzalez
824448,Derek Thomas
824045,Chad Fairchild
823148,Malachi Moore
824290,Emil Jimenez
824369,Alex MacKay
822747,Laz Diaz
825099,Doug Eddings
824690,Vic Carapazza
824450,Andy Fletcher
823879,Scott Barry
824692,Edwin Moscoso
824370,Adam Beck
824125,Quinn Wolcott
824046,Brian Walsh
822994,Marvin Hudson
824776,Will Little
824047,Edwin Jimenez
823718,Hunter Wendelstedt
825018,Bill Miller
823393,Paul Clemons
824205,Lance Barrett
823475,D.J. Reyburn
823556,Chris Guccione
824371,James Jean
825100,Roberto Ortiz
824452,Bruce Dreckman
823150,Stu Scheurwater
824777,Lance Barksdale
824691,Adam Hamari
822750,Ryan Wills
824694,Alex Tosi
825020,Chad Whitson
824049,Gabe Morales
823721,Nic Lentz
823151,Rob Drake
824206,Willie Traynor
824775,Felix Neon
823474,James Hoye
823882,Sean Barber
824372,Dan Iassogna
823394,Adrian Johnson
824451,Mark Wegner
825019,Chad Fairchild
824454,Nate Tomlinson
824048,Mike Muchlinski
823883,Derek Thomas
823476,John Libka
823397,Brock Ballou
823559,Charlie Ramos
822752,Jen Pawol
824693,Todd Tichenor
823720,Vic Carapazza
823152,Jordan Baker
824373,Jeremie Rehak
824778,Ryan Additon
824207,Alfonso Márquez
824530,Junior Valentine
823396,D.J. Reyburn
823801,Nestor Ceja
824208,John Bacon
824614,Austin Jones
823560,Will Little
825023,Doug Eddings
823313,Brian Walsh
824289,Andy Fletcher
823477,Bruce Dreckman
823722,Malachi Moore
823399,James Hoye
824209,Stu Scheurwater
824615,Adam Hamari
823803,Chris Guccione
823314,Bill Miller
823561,Lance Barksdale
823071,Alex MacKay
824532,Quinn Wolcott
823963,Edwin Moscoso
825021,Edwin Jimenez
824936,Adam Beck
824291,Jansen Visconti
824855,John Tumpane
823965,Hunter Wendelstedt
825022,Gabe Morales
824292,Cory Blaser
824853,Chris Conroy
823398,John Libka
824616,Alex Tosi
824210,Rob Drake
823802,David Rackley
823562,Ryan Wills
823315,Chad Whitson
823723,Lance Barrett
823072,Roberto Ortiz
824935,James Jean
824856,Brennan Miller
823073,Jim Wolf
823153,Todd Tichenor
823725,Willie Traynor
823964,Nic Lentz
824937,Dan Iassogna
823563,Ryan Additon
823481,Nate Tomlinson
823400,Sean Barber
825024,Mike Muchlinski
824293,Mike Estabrook
824696,Alan Porter
824533,Ben May
823966,Charlie Ramos
824938,John Tumpane
822998,Dan Bellino
823804,Carlos Torres
822828,Derek Thomas
823479,Dan Merzel
823642,D.J. Reyburn
823317,Vic Carapazza
824126,Nick Mahrley
824859,Chris Segal
823644,James Hoye
823967,Nestor Ceja
822996,Shane Livensparger
824939,Chris Conroy
823074,Brian Walsh
822830,Tom Hanahan
824294,Malachi Moore
823155,Adam Hamari
823805,Bruce Dreckman
824697,Alex MacKay
824535,Adam Beck
823316,Edwin Moscoso
824857,Brian O'Nora
823480,Brock Ballou
824129,Ryan Blakney
822997,Mark Ripperger
824695,Roberto Ortiz
824297,Lance Barrett
823643,John Libka
823156,Austin Jones
823318,Hunter Wendelstedt
823808,Mark Wegner
824941,Dexter Kelley
823968,Chris Guccione
822829,Manny Gonzalez
824128,Tripp Gibson
824534,James Jean
824130,Marvin Hudson
823565,Nate Tomlinson
823724,Adrian Johnson
823319,Nic Lentz
823645,Erich Bacchus
823884,Sean Barber
824374,David Rackley
823403,Nick Mahrley
823234,Todd Tichenor
822915,Brock Ballou
823000,Chad Whitson
822753,Scott Barry
824779,Brennan Miller
823646,Chris Segal
824455,Dan Iassogna
823885,D.J. Reyburn
823564,Carlos Torres
823726,Steven Jaschinski
824617,Willie Traynor
824050,Vic Carapazza
822833,Dan Bellino
823648,Brian O'Nora
823727,Quinn Wolcott
824618,Mike Estabrook
824375,Charlie Ramos
823887,James Hoye
822754,Derek Thomas
824457,Ben May
822999,Chad Fairchild
823567,Bruce Dreckman
824051,Edwin Moscoso
824780,John Tumpane
822831,Dan Merzel
823402,Ryan Blakney
824456,Adam Beck
822832,Shane Livensparger
823237,Adam Hamari
822755,Tom Hanahan
824376,Nestor Ceja
822918,Alex MacKay
824783,Chris Conroy
823002,Brian Walsh
823401,Tripp Gibson
823566,Manny Gonzalez
824459,Dan Bellino
823405,James Jean
823729,Marvin Hudson
823238,Edwin Jimenez
824379,Andy Fletcher
824053,Adrian Johnson
825025,Nic Lentz
824131,Will Little
824296,Mark Wegner
824460,Mark Ripperger
824781,Laz Diaz
825102,Lance Barrett
822756,Willie Traynor
824620,Jordan Baker
823569,Ron Kulpa
824132,Ryan Wills
822757,Doug Eddings
824782,Erich Bacchus
823730,Nick Mahrley
824378,Alex Tosi
824054,Paul Clemons
825027,Vic Carapazza
823239,David Rackley
824134,Lance Barksdale
824295,Nate Tomlinson
822920,Todd Tichenor
824622,Junior Valentine
825104,Alfonso Márquez
824056,Ramon De Jesus
825103,Mike Estabrook
824621,Stu Scheurwater
825026,Edwin Moscoso
823568,Tom Hanahan
824377,Jansen Visconti
823240,Charlie Ramos
823732,Ryan Blakney
823406,Jeremie Rehak
822919,Clint Vondrak
824299,Carlos Torres
822758,Gabe Morales
824133,Cory Blaser
825105,Malachi Moore
823242,Nestor Ceja
823078,Nic Lentz
823483,Tripp Gibson
823806,CB Bucknor
824136,Andy Fletcher
823321,Ryan Additon
824698,David Rackley
824860,Manny Gonzalez
824940,Shane Livensparger
823157,Lance Barrett
822835,Brian O'Nora
824211,Bruce Dreckman
823807,Dan Iassogna
823158,Alfonso Márquez
823322,Will Little
823969,Adrian Johnson
824942,Mark Ripperger
823077,Hunter Wendelstedt
822836,Laz Diaz
825107,Bill Miller
824699,Chris Guccione
824212,Mark Wegner
823888,Doug Eddings
823485,Marvin Hudson
824214,Nate Tomlinson
824539,Junior Valentine
822834,Erich Bacchus
823890,Emil Jimenez
824943,Dan Bellino
823320,Lance Barksdale
823484,Nick Mahrley
823972,Paul Clemons
824863,Ron Kulpa
823080,Vic Carapazza
824135,Alex Tosi
823809,Jeremie Rehak
825108,Todd Tichenor
824702,Charlie Ramos
824538,Adam Beck
824700,Roberto Ortiz
823810,Carlos Torres
824864,Chris Segal
824944,Gabe Morales
823160,Ryan Wills
823891,Stu Scheurwater
824215,Brennan Miller
823647,Ramon De Jesus
823487,Sean Barber
823079,Nestor Ceja
822837,Ryan Blakney
823161,Ryan Additon
823973,Jansen Visconti
822838,Tripp Gibson
824862,Brian O'Nora
823892,Rob Drake
824540,CB Bucknor
824701,Jim Wolf
823082,David Rackley
823241,Chad Whitson
824945,Mike Muchlinski
823323,Malachi Moore
823651,Quinn Wolcott
823488,D.J. Reyburn
823811,Bruce Dreckman
823162,Will Little
824946,Doug Eddings
823324,Lance Barrett
823893,Jordan Baker
823971,Cory Blaser
824216,John Tumpane
823243,Chad Fairchild
822839,Marvin Hudson
824218,Chris Conroy
823163,Lance Barksdale
823812,Mark Wegner
824541,Dan Iassogna
823649,Adrian Johnson
824865,Laz Diaz
823081,Chris Guccione
824704,Alan Porter
823922,Gabe Morales
824488,Dan Merzel
824002,Jacob Metz
823026,Adam Hamari
823193,Mike Muchlinski
823599,Malachi Moore
823194,Hunter Wendelstedt
824246,Brian O'Nora
822870,Nick Mahrley
823759,David Rackley
822787,Chris Conroy
823437,Erich Bacchus
824087,Mike Estabrook
824979,James Hoye
824250,Edwin Moscoso
823926,Rob Drake
824249,Vic Carapazza
822953,Ron Kulpa
823606,Manny Gonzalez
823201,Junior Valentine
823202,Stu Scheurwater
823360,Edwin Moscoso
823203,Rob Drake
823932,Ryan Blakney
825064,Nick Mahrley
822791,John Libka
822792,James Hoye
824176,Brennan Miller
824745,Clint Vondrak
823610,Gabe Morales
823206,John Tumpane
824585,Nick Mahrley
823851,Cory Blaser
822964,Gabe Morales
823449,Dillon Wilson
823934,Derek Thomas
825067,Willie Traynor
822883,Mike Muchlinski
824180,Vic Carapazza
824909,Ron Kulpa
825069,D.J. Reyburn
822886,Emil Jimenez
824748,Manny Gonzalez
824667,Willie Traynor
824181,Paul Clemons
823452,Tripp Gibson
823615,Roberto Ortiz
823212,Clint Vondrak
823371,Chris Conroy
822805,Alex Tosi
822806,Jansen Visconti
822807,Hunter Wendelstedt
824915,Paul Clemons
823293,Chad Whitson
824271,Erich Bacchus
822892,Nestor Ceja
824185,David Rackley
823456,Hunter Wendelstedt
825077,Junior Valentine
824917,Bruce Dreckman
824189,Louie Krupa
824754,Tripp Gibson
823129,Dan Iassogna
823053,Quinn Wolcott
824353,Doug Eddings
824757,Willie Traynor
823217,D.J. Reyburn
822809,Austin Jones
823379,Shane Livensparger
823948,Erich Bacchus
824107,Clint Vondrak
824760,Jen Pawol
823862,Derek Thomas
823461,Junior Valentine
824110,Adam Hamari
822733,Chris Segal
822735,John Bacon
822980,Jordan Baker
823465,Lance Barksdale
823381,Dexter Kelley
824762,Mark Ripperger
823630,Jordan Baker
824517,Doug Eddings
824764,Dan Merzel
824442,Jeremie Rehak
822901,Alex Tosi
824199,Dillon Wilson
823463,Edwin Moscoso
823305,Andy Fletcher
822820,Malachi Moore
824847,Austin Jones
824443,Ramon De Jesus
823225,Manny Gonzalez
822904,Clint Vondrak
824607,Dan Bellino
825091,John Tumpane
824198,Edwin Jimenez
823226,Tripp Gibson
825092,Ben May
823874,Bruce Dreckman
824120,Vic Carapazza
824687,Doug Eddings
824285,Brennan Miller
824043,Chris Conroy
823473,Nestor Ceja
824931,Alan Porter
823390,Erich Bacchus
824852,Alex Tosi
822909,Clint Vondrak
823639,Lance Barksdale
824286,Mike Muchlinski
824773,Austin Jones
822914,Mark Ripperger
823881,Jansen Visconti
822751,Brennan Miller
823558,Tyler Jones
824453,Carlos Torres
824531,Paul Clemons
823478,Mark Wegner
823075,Chad Fairchild
823154,Clint Vondrak
823482,Quinn Wolcott
823076,Bill Miller
824858,Laz Diaz
823235,Clint Vondrak
822916,Alan Porter
823728,Rob Drake
824052,Hunter Wendelstedt
824619,Malachi Moore
823886,John Libka
822917,Bill Miller
823404,Dan Iassogna
824786,Chris Segal
824458,Dan Merzel
825106,Adam Hamari
824536,Rob Drake
823970,Quinn Wolcott
824861,Scott Barry
824537,Jordan Baker
823159,Mike Estabrook
824213,Ben May
823325,Alfonso Márquez
823974,Andy Fletcher
823244,Bill Miller
824826,Ben May
822810,Nic Lentz
823486,James Hoye
823889,Mike Muchlinski
825098,Jim Wolf
825101,Alan Porter
822749,Erich Bacchus
823149,Mike Estabrook
822823,Brennan Miller
825094,Junior Valentine
825093,Stu Scheurwater
824844,Nic Lentz
822983,Quinn Wolcott
825081,Bruce Dreckman
823055,Paul Clemons
824673,Alex Tosi
823046,Laz Diaz
823852,Carlos Torres
824908,Scott Barry
824342,Adam Hamari
823284,Dan Bellino
823207,Chris Conroy
824093,Austin Jones
824094,Junior Valentine
822788,John Tumpane
824664,Chris Segal
823430,Scott Barry
824804,Derek Thomas
823754,Sean Barber
823105,Mark Wegner
824080,Charlie Ramos
824401,John Bacon
824481,Ryan Additon
825053,Quinn Wolcott
824729,Chris Conroy
824885,Adam Hamari
824082,Chris Guccione
823516,Cory Blaser
824402,Chad Whitson
824482,Will Little
824646,Erich Bacchus
824158,Mike Muchlinski
823753,D.J. Reyburn
824806,Dan Bellino
825052,James Jean
823106,Carlos Torres
824728,Brock Ballou
824889,Clint Vondrak
824322,Roberto Ortiz
823429,Ron Kulpa
822866,Louie Krupa
825054,Paul Clemons
824084,Willie Traynor
824484,Lance Barksdale
824805,Dan Merzel
822865,Adrian Johnson
824403,Chad Fairchild
823108,Nate Tomlinson
823432,Tom Hanahan
823517,Alex Tosi
824731,Brennan Miller
824645,Laz Diaz
823756,James Hoye
824888,Tyler Jones
824161,Gabe Morales
824321,Alan Porter
825095,Ramon De Jesus
823431,Manny Gonzalez
823757,John Libka
822867,Dan Iassogna
823520,Andy Fletcher
824647,Chris Segal
824324,Alex MacKay
824160,Emil Jimenez
824323,Edwin Moscoso
823592,Chris Conroy
824648,Scott Barry
823270,John Tumpane
824404,Jonathan Parra
823107,Jim Wolf
822943,Mike Estabrook
823996,Steven Jaschinski
824483,Jacob Metz
823919,Mike Muchlinski
824971,Jeremie Rehak
824163,Todd Tichenor
824891,Brian Walsh
822783,Jordan Baker
824807,Tripp Gibson
824485,Dexter Kelley
823269,Nestor Ceja
824972,Louie Krupa
822944,Alfonso Márquez
822781,Rob Drake
824808,Marvin Hudson
824649,Ron Kulpa
823920,Doug Eddings
823109,Roberto Ortiz
824890,John Bacon
824405,Ryan Wills
823594,Brock Ballou
824162,Adam Hamari
824326,Vic Carapazza
824000,Mark Wegner
823512,Stu Scheurwater
823673,Todd Tichenor
822778,Nestor Ceja
824970,Ramon De Jesus
824240,Sean Barber
823832,Nic Lentz
823917,Brian Walsh
823019,Adam Beck
823186,Steven Jaschinski
823264,Malachi Moore
824563,Roberto Ortiz
825046,Doug Eddings
822697,Ryan Additon
823997,Austin Jones
824886,Jansen Visconti
824887,Cory Blaser
823918,John Bacon
822780,Charlie Ramos
823998,Nick Mahrley
823189,Mark Wegner
824969,Quinn Wolcott
823265,Lance Barrett
823018,Louie Krupa
823675,Adam Hamari
825048,Mike Muchlinski
825050,Carlos Torres
822700,Dexter Kelley
823425,Brock Ballou
823020,Chris Guccione
823190,Paul Clemons
824078,D.J. Reyburn
823104,Gabe Morales
823751,Chad Whitson
824724,Ron Kulpa
823345,Clint Vondrak
823513,Dan Bellino
823268,Jacob Metz
823835,Will Little
822862,James Jean
824564,Alex Tosi
823834,Lance Barksdale
825049,Nate Tomlinson
823514,Dan Merzel
823021,Willie Traynor
824565,Andy Fletcher
824726,Tom Hanahan
823102,Emil Jimenez
822864,James Hoye
822701,Erich Bacchus
823426,Brennan Miller
823752,Chad Fairchild
823267,Alex MacKay
824079,Dan Iassogna
823348,Tyler Jones
823188,Adrian Johnson
823428,John Tumpane
822699,Laz Diaz
823103,Doug Eddings
824566,Austin Jones
824081,Adam Beck
823024,Jansen Visconti
823515,Mark Ripperger
822863,John Libka
825051,Bruce Dreckman
823750,Brian Walsh
824727,Manny Gonzalez
823266,Jim Wolf
823191,Ramon De Jesus
823836,Jonathan Parra
823349,Todd Tichenor
823991,Ramon De Jesus
823912,Emil Jimenez
822774,Hunter Wendelstedt
824477,John Libka
824642,Nate Tomlinson
823590,Willie Traynor
824397,Todd Tichenor
823670,Cory Blaser
824965,Malachi Moore
822940,Erich Bacchus
823344,Jonathan Parra
824156,Tripp Gibson
823182,Brian Walsh
824880,Edwin Jimenez
824236,Adam Beck
823671,Alex Tosi
823914,Doug Eddings
824644,Mark Wegner
824966,Jacob Metz
824884,Jim Wolf
824157,Austin Jones
822775,Nic Lentz
824480,Sean Barber
822941,Stu Scheurwater
823990,Quinn Wolcott
823588,Nestor Ceja
824400,Adam Hamari
824239,Louie Krupa
823347,Ryan Additon
823184,John Bacon
823913,Mike Muchlinski
824479,James Jean
824882,Roberto Ortiz
824968,Mike Estabrook
824159,Alex MacKay
824643,Paul Clemons
824399,Shane Livensparger
823993,Dexter Kelley
822942,Jordan Baker
823185,Lance Barrett
823346,Ryan Wills
823591,Charlie Ramos
822777,Vic Carapazza
824237,D.J. Reyburn
822696,Lance Barksdale
824238,James Hoye
823915,Gabe Morales
823995,Marvin Hudson
823669,Bruce Dreckman
823508,Rob Drake
823829,Brock Ballou
824561,Alan Porter
822776,Chris Guccione
823916,Bill Miller
824562,Jim Wolf
824241,John Libka
824967,Adrian Johnson
823672,Tyler Jones
825047,Emil Jimenez
822698,Jonathan Parra
824883,Andy Fletcher
822779,Willie Traynor
823994,Tripp Gibson
823511,Junior Valentine
823263,Alfonso Márquez
823017,Dan Iassogna
823833,Hunter Wendelstedt
823187,Nate Tomlinson
823420,Erich Bacchus
823911,Malachi Moore
824800,Vic Carapazza
825045,Dan Bellino
823101,Brennan Miller
824721,John Libka
822857,Andy Fletcher
824559,Ramon De Jesus
823510,Adam Beck
823262,Brian Walsh
824072,Scott Barry
823746,Todd Tichenor
824152,Jonathan Parra
824317,Nate Tomlinson
823830,Rob Drake
822934,Sean Barber
824474,Hunter Wendelstedt
824802,Ryan Additon
824153,Lance Barrett
824395,Steven Jaschinski
824074,Cory Blaser
824589,Ron Kulpa
822861,Chad Whitson
823747,Quinn Wolcott
823587,Edwin Jimenez
823748,Dexter Kelley
823424,Clint Vondrak
824476,Edwin Moscoso
824318,Dan Merzel
824076,Alex Tosi
824722,Louie Krupa
824801,Ryan Wills
824394,Stu Scheurwater
824155,Mike Estabrook
822860,Bill Miller
823664,Carlos Torres
824640,Tom Hanahan
822937,James Jean
823342,Chris Conroy
824803,Will Little
824398,Jordan Baker
824475,Brock Ballou
823423,Shane Livensparger
824723,D.J. Reyburn
822859,Chad Fairchild
823586,Laz Diaz
822938,James Hoye
823749,Adrian Johnson
823667,Mark Wegner
824154,Alfonso Márquez
824639,Manny Gonzalez
824319,Adam Hamari
823341,John Tumpane
824075,Andy Fletcher
823589,Chris Segal
824641,Scott Barry
824478,Nic Lentz
824514,Vic Carapazza
823668,Bruce Dreckman
823343,Ben May
823427,Tyler Jones
824320,Mark Ripperger
824725,Dan Iassogna
822939,Felix Neon
824077,Jansen Visconti
823096,Chad Fairchild
825039,Alfonso Márquez
823506,Steven Jaschinski
823180,Ryan Blakney
823825,Manny Gonzalez
824555,Charlie Ramos
822772,Nate Tomlinson
823988,Mike Muchlinski
824878,Erich Bacchus
823015,Jansen Visconti
823584,Vic Carapazza
822692,Willie Traynor
823255,Mark Ripperger
824234,Adrian Johnson
824963,Roberto Ortiz
825042,Malachi Moore
824881,Edwin Jimenez
824962,Jim Wolf
824556,Scott Barry
823505,Clint Vondrak
823826,David Rackley
823259,Dan Bellino
823016,Cory Blaser
823098,Brian Walsh
823181,Brennan Miller
822773,Carlos Torres
823585,Hunter Wendelstedt
823989,Doug Eddings
824233,Paul Clemons
822693,Marvin Hudson
824964,Alan Porter
822695,Nick Mahrley
823097,Chad Whitson
824235,Quinn Wolcott
823828,Ron Kulpa
823260,Dan Merzel
825041,Lance Barrett
824557,Chris Guccione
823992,Gabe Morales
823183,Chris Conroy
824315,Jacob Metz
823421,Laz Diaz
823507,Louie Krupa
823099,Ben May
824799,Edwin Moscoso
822856,Alex Tosi
823745,Adam Hamari
823827,Stu Scheurwater
824150,Ryan Wills
823909,Mike Estabrook
825043,Shane Livensparger
824558,Dexter Kelley
823258,Bill Miller
824720,James Jean
824071,Tom Hanahan
823509,Dan Iassogna
823910,Alfonso Márquez
823831,D.J. Reyburn
823422,Chris Segal
823743,John Tumpane
823261,Chad Fairchild
824151,Will Little
824316,Bruce Dreckman
824073,Manny Gonzalez
823100,Ryan Blakney
824560,Adrian Johnson
824718,James Hoye
825044,Mark Ripperger
822858,Jen Pawol
824798,Nic Lentz
824149,Mark Ripperger
825040,Mike Muchlinski
823663,Jeremie Rehak
824635,Tripp Gibson
824473,Manny Gonzalez
824719,Lance Barksdale
823982,Rob Drake
822855,Vic Carapazza
824314,Sean Barber
824911,Adrian Johnson
822932,Austin Jones
822689,Chris Segal
823010,Willie Traynor
823987,Dan Bellino
824393,Paul Clemons
824232,Scott Barry
823662,Malachi Moore
823502,Vic Carapazza
824959,Doug Eddings
822688,Erich Bacchus
823580,Nate Tomlinson
823740,Brennan Miller
822766,Steven Jaschinski
822933,Tyler Jones
824636,Brian Walsh
824876,David Rackley
823177,Jim Wolf
824637,Chad Whitson
823741,Chris Conroy
824230,Chris Guccione
822690,Edwin Jimenez
823501,Nic Lentz
823582,Carlos Torres
822770,Clint Vondrak
823986,Dan Merzel
823665,Lance Barrett
823539,Hunter Wendelstedt
824874,Ron Kulpa
824392,Quinn Wolcott
824961,Gabe Morales
822936,Jansen Visconti
823176,Roberto Ortiz
823011,Marvin Hudson
822691,Laz Diaz
824396,Dexter Kelley
823504,Edwin Moscoso
823013,Nick Mahrley
823583,Jacob Metz
823178,Alan Porter
824960,Emil Jimenez
823744,Ben May
824638,Bill Miller
823985,Shane Livensparger
824877,Tom Hanahan
822769,Adam Hamari
823666,Mike Estabrook
824231,Nestor Ceja
822935,Andy Fletcher
824879,Chris Segal
822694,Tripp Gibson
823581,Nic Lentz
823179,Alex MacKay
823503,John Tumpane
823014,Alex Tosi
822771,Mark Wegner
823091,D.J. Reyburn
824142,Edwin Jimenez
824385,Jacob Metz
824469,Nestor Ceja
823253,Alan Porter
824794,Dexter Kelley
824065,Dan Merzel
823417,Ryan Additon
823336,Hunter Wendelstedt
824552,Ryan Blakney
823578,David Rackley
824309,Emil Jimenez
823822,Ben May
823903,Stu Scheurwater
822848,Derek Thomas
823904,Rob Drake
824389,Ron Kulpa
823094,John Libka
823823,Chris Conroy
822850,Will Little
823419,Todd Tichenor
824066,Shane Livensparger
824795,Ramon De Jesus
823257,Alex MacKay
824145,Laz Diaz
823335,Vic Carapazza
823577,Jeremie Rehak
824553,Nick Mahrley
824310,Mike Muchlinski
824468,Charlie Ramos
823418,Steven Jaschinski
823579,Brock Ballou
824471,James Jean
823905,Junior Valentine
823093,Sean Barber
824146,Chris Segal
824311,Doug Eddings
823824,Brennan Miller
824797,Adrian Johnson
824387,Manny Gonzalez
823338,Tyler Jones
822852,Ryan Wills
824554,Tripp Gibson
824424,Tom Hanahan
823256,Roberto Ortiz
824067,Mark Ripperger
824632,Willie Traynor
824144,Dan Bellino
823907,Jim Wolf
824388,Erich Bacchus
824796,Paul Clemons
824069,Chris Guccione
822853,Lance Barksdale
823337,Clint Vondrak
823095,James Hoye
824068,Nestor Ceja
824390,Edwin Jimenez
823983,Dillon Wilson
824634,Ryan Blakney
823906,Alan Porter
825037,Gabe Morales
822851,Nic Lentz
824312,John Bacon
823660,Dan Iassogna
824147,Dan Merzel
823339,Ryan Additon
824470,Jacob Metz
824717,Derek Thomas
822931,John Tumpane
822686,Dexter Kelley
825038,Emil Jimenez
824716,Will Little
824633,Nick Mahrley
822854,Hunter Wendelstedt
824472,Ron Kulpa
823984,Stu Scheurwater
824148,Shane Livensparger
823340,Todd Tichenor
823661,Adam Beck
824313,John Libka
824391,Laz Diaz
822929,Ben May
823908,Alex MacKay
822687,Ramon De Jesus
824070,Charlie Ramos
824713,Carlos Torres
824791,David Rackley
823497,Todd Tichenor
823739,Manny Gonzalez
823416,Brock Ballou
823900,Louie Krupa
823172,John Libka
824871,Willie Traynor
824064,Will Little
823090,Junior Valentine
823818,Malachi Moore
824226,Tyler Jones
823251,Mike Muchlinski
824956,Jonathan Parra
824549,Roberto Ortiz
824714,Bruce Dreckman
823821,Mike Estabrook
823414,Dan Iassogna
823174,Sean Barber
823901,Andy Fletcher
823500,Steven Jaschinski
824551,Jim Wolf
823738,Adam Hamari
824063,Ryan Wills
823092,Jordan Baker
823250,Doug Eddings
824875,Lance Barrett
824957,Bill Miller
824228,Vic Carapazza
824792,Charlie Ramos
823415,Clint Vondrak
823254,Gabe Morales
823175,James Hoye
824793,Chris Guccione
824715,Mark Wegner
823742,Scott Barry
824062,Lance Barksdale
824958,Chad Fairchild
823820,Alfonso Márquez
824229,Edwin Moscoso
823902,Cory Blaser
